Organization,About,Location,Employees,Funding,Ownership,Website,Rank,Industries,Headquarters Regions,Founded Date,Founders,Operating Status,Also Known As,Legal name,Last Funding Type,Company Type ,Contact Email,Phone Number
Honeypot Software,Honeypot is a cutting-edge marketing technology company.,"San Francisco, California, United States",01-Oct,Series A,Private,honeypotsoftware.com,4487,"Marketing Automation, SaaS, Software","San Francisco Bay Area, West Coast, Western US","Jan 2, 2023",Dawn Senegiste,Active,Honeypot,Honeypot LLC,Series A,For Profit,dawn@honeypotsoftware.com,No
Gloc.al,Gloc.al SEO generate leads as B2B SaaS Glocal Multilingual-SEO-As-A-Service AI backed at 88 lang. serverless tech network in 100 countries,"Dubai, Dubai, United Arab Emirates",01-Oct,Grant,Private,gloc.al,"10,369","B2B,E-Commerce,Lead Generation, Marketing Automation,SaaS,SEO,Software",Gulf Cooperation Council (GCC),"Sep 10, 2022","Aleksei Dolgikh,Olga Nayda",Active,"Gloc.al,Glocal SEO,MyGlocal FZ-LLC",MyGlocal FZ-LLC,Grant,For Profit,sales@gloc.al,6503004921
Aikido Security,Simplifying software security for developers,"Ghent, Oost-Vlaanderen, Belgium",01-Oct,Pre Seed,Private,aikido.dev,"12,325","Cloud Security,Cyber Security, SaaS,Software",European Union (EU),"Oct 26, 2022","Amber Rucker,Felix Garriau,Roeland Delrue,Willem Delbare",Active,No,Aikido Security bv,Pre-Seed,For Profit,hello@aikido.dev,6503004921
not8,not8 is a B2B startup that aims to standardise the product development review process.,"Amsterdam, Noord-Holland, The Netherlands",01-Oct,Pre-Seed,Private,www.not8.co/,13862,"B2B, Information Services, Product Management, SaaS",European Union (EU),"Sep 21, 2022","Vladislav Dekhanov, Yaroslav Medvedev",Active,No,not8 B.V.,No,For Profit,yaro@not8.co,No
Getplace.io,B2B Saas; Getplace.io s a service that helps offline businesses to find the best locations for their new store.,"Amsterdam, Noord-Holland, The Netherlands",01-Oct,Pre-Seed,Private,Getplace.io,"14,271","B2B,Information Technology,Rental Property,Restaurants,Retail, SaaS, Software",European Union (EU),"Jan 19, 2023","Denis Chernobaev,Sergey Scherbak",Active,No,Getplace B.V.,Pre-Seed,For Profit,Denis@getplace.io,No
Certificatum,"Blockchain, Cyber Security, SaaS","Ankara, Ankara, Turkey",1,Pre-Seed,Private,certificatum.org,"23,218","Blockchain,Cyber Security,SaaS","Ankara, Ankara, Turkey","Jan 20, 2023",Alper Kursat Unver,Active,No,Certificatum Cyber Security Technologies Inc.,Pre-Seed,For Profit,contact@certificatum.org,9.03122E+11
Reclimate,Reclimate empowers renewable and EV infrastructure projects by streamlining access to the carbon markets and providing enabling technologies,"Singapore, Central Region, Singapore",01-Oct,Pre-Seed,Private,www.reclimate.earth/,"25,660","Clean Energy,CleanTech, Renewable Energy, SaaS, Software, Sustainability","Reclimate is located in Singapore, Central Region, Singapore.","Dec 8, 2022",Giorgino Naval,Active,No,RECLIMATE PTE LTD,Pre-Seed,For Profit,hello@reclimate.earth,6582637658
Ourspace,Ourspace is the collaborative team design software that equips leaders to make smarter org design decisions.,"Barcelona, Catalonia, Spain",01-Oct,Pre-Seed,Private,www.our.space/,29852,Collaboration Data Visualization Productivity Tools SaaS Software,European Union (EU),May-22,"Mark Allen, Megan Murphy, Stephanie Bowker",Active,No,"Ourspace Software, Inc",No,For Profit,hello@our.space,No
Rhevolut,Financials People Signals & News Similar Companies About Saas,"São Paulo, Sao Paulo, Brazil",01-Oct,Pre-Seed,Private,www.rhevolut.com,"32,528",Human Resources SaaS,Latin America,"Dec 1, 2022","Eughenio Constantino, Fabio Luis Glinski Ivatiuk, Gabriela Sznifer",Active,No,EFG18 Tech LTDA,No,For Profit,contato@rhevolut.com,No
Swapt,Swapt is a SaaS marketing automation platform for offline data acquisition.,"Boston, Massachusetts, United States",01-Oct,Pre-Seed,Private,swaptqr.com,"35,454","Marketing Automation, QR Codes, SaaS, Software","Greater Boston Area, East Coast, New England","Apr 29, 2022","Andrew Smith, Trevor Brown",Active,Swapt QR,"Swapt, Inc.",Pre-Seed,For Profit,info@swaptqr.com,No
HI Design Academy,The place where innovation is being created,"Gaza, Gaza, Palestinian Territory",01-Oct,Angel,Private,Hida.app,"38,190","Digital Marketing,Information Technology,Product Design,Product Management,Product Research,Professional Services,SaaS,Software,UX Design",No,"Nov 30, 2022",Hazem K H Madi,Active,HIDA,HI Design Academy,,For Profit,hazem@hida.app,9.72568E+11
Beagle Innovations,AI driven SaaS platform for enterprise infrastructure inspections.,"Princeton, New Jersey, United States",01-Oct,Seed,Private,www.beaglelabs.ai,"44,954","Artificial Intelligence,Property Management,SaaS","East Coast, Northeastern US","May 19, 2022","Dwight Neptune,Josie Madingo,Keelan Gayle,Luis Guzman",Active,Beagle,Beagle Innovations Inc.,Seed,For Profit,info@beaglelabs.ai,No
Pump,"Instantly save up ~50% on AWS, San Francisco, California, United States, 1-10, Pre-Seed, Private, www.pump.co/, 43,362","San Francisco, California, United States",01-Oct,Seed,Private,www.pump.co/,"43,362","B2B, Developer Tools, SaaS","San Francisco Bay Area, West Coast, Western US",Jun-22,No,Active,No,No,Pre-Seed,For Profit,hi@pump.co,6504680297
Housing Cloud,Housing Cloud is a next-gen Student Housing SaaS that helps schools attract more students to live on-campus while simplifying operations,"New York, New York, United States",01-Oct,Pre-Seed,Private,www.housing.cloud,"47,198","EdTech, SaaS, Software","Greater New York Area, East Coast, Northeastern US","Jun 1, 2022",Geoff Bartakovics,Active,No,"Student Res Life, Inc.",Pre-Seed,For Profit,info@housing.cloud,No
Worklair,The powerhouse management platform to run your business,"Sydney, New South Wales, Australia",01-Oct,Pre-Seed,Private,worklair.io,54858,"Apps,Collaboration,Messaging,Productivity Tools, Project Management,SaaS,Software,Task Management","Asia-Pacific (APAC), Australasia","Aug 11, 2022",Volodymyr Katanskyi,Active,No,Synchronos PTY LTD,No,For Profit,info@worklair.io,412-428-803
Boundless,Streamlining business funding applications,"Toronto, Ontario, Canada",01-Oct,Pre-Seed,Private,www.getboundless.io/,"54,706","Financial Services,SaaS",Great Lakes,"Nov 5, 2022",No,Active,No,Boundless Financial,No,For Profit,info@getboundless.io,No
Opus Talent Analytics,"Opus Analytics is an AI based data analytics software for Enterprise Businesses and Governments to help them make more informed decisions.Wilmington, Delaware, United States","Wilmington, Delaware, United States",01-Oct,Pre-Seed,Private,www.opusanalytics.ai/,"56,794","Analytics,Big Data,SaaS,Software","Greater Philadelphia Area, East Coast, Southern US","Mar 27, 2022","Basil Fateen,Sherif Amer, Somaya El Sherbini",Active,No,Opus Talent Analytics Inc.,Pre-Seed,For Profit,Somaya@opusanalytics.ai,2.01279E+11
Keyspace Studio INC.,A no-code Web3 SaaS Solution for Enterprises,"Atlanta, Georgia, United States",01-Oct,Seed,Private,www.keyspace.studio/,"58,218","Internet,SaaS,Software","Greater Atlanta Area,East Coast,Southern US",May-22,No,Active,No,No,No,For Profit,info@keyspace.studio,678.517.9652
Glazier Software,Glazier is a software company that helps glass contractors run profitable operations,"New York, New York, United States",01-Oct,"Pre-Seed, Private",Private,glaziersoftware.com/,"56,439","Construction, Information Technology, SaaS, Software","Regions Greater New York Area, East Coast, Northeastern US","Apr 12, 2022",No,Active,No,"Glazier Software, Inc.",Pre-Seed,For Profit,info@glaziersoftware.com,2032736820
Sense Defence,Next Generation Web Application Firewall,"London, England, United Kingdom",01-Oct,Pre-Seed,Private,www.sensedefence.com,"65,180","Cloud Security,Cyber Security,Information Technology,SaaS",No,"Sep 12, 2022",Jinshu Peethambaran,Active,No,Sense Defence Ltd,Pre-Seed,For Profit,hello@sensedefence.com,No
Skillties,"SaaS, People Analytics, Skill Management, Education, HR","Berlin, Berlin, Germany",01-Oct,Pre-Seed,Private,www.skillties.com,"63,264","Artificial Intelligence, EdTech, Education, Human Resources, SaaS, Skill Assessment, Software",European Union (EU),"May 2, 2022","Leonard Zenouzi, Sebastian Lothary",Active,No,Skillties GmbH,No,For Profit,info@skillties.com,No
PRODUCER,"All-in-one cloud-based software for filmmakers, SaaS","Zürich, Zurich, Switzerland",01-Oct,Seed,Private,www.the-producer.io/,"66,643","Film,Film Production,Media and Entertainment,SaaS, Software,TV Production",No,Mar-22,"Paul-Emile Joëssel, Thomas Gassoul, Xaver Walser",Active,No,Producer GmbH,Seed,For Profit,pablo@the-producer.io,+41 (79) 223 30 65
Sweephy,"No-code, no-rule data cleaning and preparing for Machine Learning models and analyzing data.","Tallinn, Harjumaa, Estonia",01-Oct,Pre-Seed,Private,sweephy.com,"70,510","Analytics, Artificial Intelligence, Big Data, Cloud Data Services, Machine Learning, SaaS, Software",European Union (EU),"Apr 1, 2022","Abdullah Kandilli, Erce Can Bektüre, Ertug Dilek",Active,No,Sweephy OÜ,Pre-Seed,For Profit,info@sweephy.com,49-176-322-06769
Voicit,AI-powered tool for automatic meeting documentation,"Málaga, Andalucia, Spain",01-Oct,Pre-Seed,Private,voicit.es/,"74,957","Artificial Intelligence,Machine Learning,Natural Language Processing,SaaS,Software,Speech Recognition,Video Conferencing",No,"Apr 6, 2022","Rafael Torres García,Álvaro Arrescurrenaga Sánchez",Active,No,Voicit Technologies S.L.,No,For Profit,contact@voicit.es,34682371568
KoleK,SaaS enabled Fintech that orchestrate businesses' finances through the best financial management tool - leveraged by open banking,"São Paulo, Sao Paulo, Brazil",01-Oct,Pre-Seed,Private,kolek.com.br,"74,757","FinTech,SaaS",Latin America,Aug-22,"Murilo Pinheiro,Neil David",Active,No,No,No,For Profit,support@wekolek.com,No
Bonik,Bonik is a B2B SaaS startup building no-code eCommerce platform for SMBs in emerging markets to build & scale D2C brands and eCommerce,"Dover, Delaware, United States",01-Oct,Grant,Private,www.bonikapp.com,"81,119","E-Commerce,Information Technology, SaaS, Software","East Coast, Southern US",May-22,Salman Saafi,Active,Bonik App,Bonik Inc.,Grant,For Profit,salman@bonikapp.com,No
Numeral,Fully automated revenue recognition and transaction-level cash reconciliation for high-volume businesses.,"San Francisco, California, United States",01-Oct,Pre-Seed,Private,gonumeral.com/,"73,139","FinTech,SaaS,Software","San Francisco Bay Area,West Coast,Western US",Jun-22,"Christopher Kim,Yufei Liu",Active,No,No,Pre-Seed,For Profit,hello@gonumeral.com,617-584-1465
KoiosIQ,FinTech Software Provider for U.S. Markets Trading Strategy Automation,"Louisville, Kentucky, United States",01-Oct,Pre-Seed,Private,koiosiq.com,"87,924","FinTech,SaaS,Software,Trading Platform",Southern US,"Mar 14, 2022","Chris Page,Raynaldo Rivera",No,No,"KoiosIQ, Corp.",No,For Profit,partnerwith@koiosiq.com,502-272-0718
Debut,All your work combined in one place.,"San Francisco, California, United States",01-Oct,Pre-Seed,Private,www.debutwith.com,"88,825","Collaboration,Productivity Tools, SaaS,Software,Unified Communications","San Francisco Bay Area,West Coast, Western US","Apr 27, 2022","Fraser Bramley, Henry Wills,Sara Montes",Active,No,"Debut, Inc.",Pre-Seed,For Profit,hello@debutwith.com,415-650-1060
Leantime,Leantime is the open source project management system for non-project managers.(SaaS),"Mooresville, North Carolina, United States",01-Oct,Pre-Seed,Private,www.leantime.io,"1,03,520","Open Source,Project Management,SaaS,Software","East Coast, Southern US",Jul-22,"Gloria Folaron,Marcel Folaron",Active,"Hyve5.me, leantime,leantime.io",Hyve5 Inc dba Leantime,No,For Profit,Gloria@leantime.io,No
Streamkap,Streamkap is a streaming ETL engine that simplifies data streaming to any destination.,"San Francisco, California, United States",01-Oct,Seed,Private,streamkap.com,99973,"Analytics,Data Integration,SaaS","San Francisco Bay Area,West Coast,Western US","Jun 14, 2022","Paul Dudley,Ricky Thomas",Active,No,"Streamkap, Inc",Seed,For Profit,support@streamkap.com,No
Nakit Yok,"E-tips, QR bills and loyalty system in HoReCa","Antalya, Antalya, Turkey",01-Oct,Seed,Private,nakit-yok.com,"95,372","Billing, Loyalty Programs, Payments, SaaS",No,"Dec 1, 2022",Viacheslav Teremets,Active,No,Nakit Yok,No,For Profit,support@nakit-yok.com,9.05346E+11
ExoMatter,We accelerate materials development with our AI-based software. We are building an enterprise SaaS platform.,"Munich, Bayern, Germany",01-Oct,Grant,Private,exomatter.ai/,"1,08,390","Artificial Intelligence,Chemical,Information Technology, Product Research, SaaS,Software",European Union (EU),Mar-22,Josua Vieten,Active,No,ExoMatter GmbH,No,For Profit,info@exomatter.ai,No
Myppl,Myppl equips scaleup leaders with AI-powered tools to easily access expertise of top mentors and coaches.,"Dover, Delaware, United States",01-Oct,Pre-Seed,Private,myppl.com/,"1,17,764","Artificial Intelligence,Corporate Training,Education,Personal Development,SaaS","East Coast, Southern US","Oct 1, 2022","Sergiy Sumnikov,Tom Jozefacki",Active,No,Myppl Inc.,No,For Profit,tom@myppl.com,No
UpMarket,"The virtual concierge platform connecting vacation rental guests, property managers and local businesses","Amsterdam, Noord-Holland, The Netherlands",01-Oct,Pre-Seed,Private,upmarket.cloud,"1,13,543","B2B,Hospitality,SaaS,Software,Travel",European Union (EU),Jan-23,"Antonino Bonumore, Shani Cohen",Active,No,UpMarket International B.V.,Pre-Seed,For Profit,s.cohen@upmarket.cloud,No
Action Ment,"Building Products Better and Faster with AI,","Dharapuram, Tamil Nadu, India",01-Oct,Seed,Private,actionment.com/,"1,17,509","Information Technology,SaaS,Software",Asia-Pacific (APAC),"Aug 25, 2022",Sagar Kalsekar,Active,No,Action Ment pvt. ltd.,Seed,For Profit,ceo@actionment.com,No
Nected,WorkFlow Automation & Experimentation Engine,"Gurgaon, Haryana, India",01-Oct,No,Private,nected.ai/,124188,"Cloud Computing, Gamification, SaaS, Software",Asia-Pacific (APAC),Jul-22,"Mukul Bhati, Prabhat Gupta",Active,No,Socioverse Tech Private Limited,No,No,support@nected.ai,No
TransAPI,Financials People Signals & News Similar Companies  Now have the power of voice recognition and Natural Language Processing thanks to Trans API.,"Ranchi, Jharkhand, India",01-Oct,Seed,Private,transapi.link/,"1,26,014",Information Technology SaaS Software,Asia-Pacific (APAC),"Sep 1, 2022",Vivek Bisht,No,No,TransAPI,No,For Profit,hr@transapi.link,No
T.O.P.,The Enhanced Manager powered by A.I,"Courbevoie, Ile-de-France, France",01-Oct,Seed,Private,top-turnover.ai/,"1,35,526","Human Resources,Management Information Systems,SaaS, Software",No,"Apr 20, 2022",Maxime Cariou,No,No,TOP,No,For Profit,maxime@top-turnover.ai,33662965394
reebuild,the building materials platform,"Vienna, Wien, Austria",01-Oct,Pre-Seed,Private,www.reebuild.com,"1,38,082","Building Material,Construction,Enterprise Software, Procurement,SaaS,Software",European Union (EU),"May 25, 2022","Alexander Kornell,Lucas Iser, Paul Lind",Active,No,reebuild GmbH,No,For Profit,invest@reebuild.com,4.36642E+11
Villae,Simplify your luxury real estate. PropTech made in Spain.,"Madrid, Madrid, Spain",01-Oct,Undisclosed,Private,villae.vip,"1,37,032","Commercial Real Estate, Marketplace,Property Management,Real Estate, SaaS,Software",European Union (EU),"Apr 5, 2022",No,Active,No,No,No,For Profit,villaevip@gmail.com,No
VEUIT,SaaS Web3 streaming video platform built on blockchain technology for upgrading Web2 websites to Web3 TV channel websites,"Fort Lauderdale, Florida, United States",01-Oct,No,Private,www.veuit.com,"1,47,124","Content Creators,Digital Entertainment,SaaS,Small and Medium Businesses,Social Media,Video Streaming","Greater Miami Area, East Coast, Southern US","Apr 25, 2022","Christopher Corso,Jonathan Sanger,Joseph Callahan,Joseph Juarez",Active,No,VEUIT Inc.,No,For Profit,ed@veuit.com,917-558-4087
Blue Pin,We bring magic to your SaaS business using AI/ChatGPT.,"Miami, Florida, United States",01-Oct,No,Private,getbluepin.com/,"1,49,785","Artificial Intelligence,SaaS, Twitter","Greater Miami Area, East Coast, Southern US","Nov 16, 2022",No,Active,No,No,No,No,hi@getbluepin.com,No
Versify Labs,Versify is the leading customer loyalty platform that powers interactions between customers and brands via digital collectibles.,"New York, New York, United States",01-Oct,Seed,Private,versifylabs.com,"1,49,605","Blockchain,Customer Service,Enterprise Software,Marketing,SaaS","Greater New York Area, East Coast, Northeastern US","Apr 25, 2022",Troy Smith,Active,Versify,"Versify Labs, Inc.",Seed,For Profit,support@versifylabs.com,No
Speedify.ai,"B2B SaaS that uses AI to automate data entry and business processes, with enterprise-grade security as a top of mind.","San Francisco, California, United States",01-Oct,No,Private,speedify.ai,"1,55,939","Artificial Intelligence, Data Integration, Enterprise Software, Industrial Automation, Information Technology, SaaS,Software","San Francisco Bay Area, West Coast, Western US",Feb-23,"Adam Silverman,Alex Reibman,Gloria Felicia",Active,No,Speedify,No,No,founders@speedify.ai,No
VulnSign,"VulnSign is an online vulnerability scanner that is fully automated, customer-orient configurable and has advanced features.","West Hollywood, California, United States",01-Oct,No,Private,vulnsign.com,"1,57,492","Cloud Security,Consulting,Cyber Security,Information Technology, Penetration Testing,SaaS,Security,Software","Greater Los Angeles Area, West Coast, Western US","Aug 12, 2022",Uğur Ekiz,Active,No,VulnSign Inc.,No,For Profit,info@vulnsign.com,415-969-3747
PowerCred,SaaS company providing APIs to help financial service providers build integrated products for their small business customers,"Singapore, Central Region, Singapore",01-Oct,Pre-Seed,Private,www.powercred.io/,"1,58,308","FinTech,SaaS","Asia-Pacific (APAC), Association of Southeast Asian Nations (ASEAN),Southeast Asia","Feb 25, 2022","Kunal Goel,Shrinivas Deshmukh",Active,No,PowerCred Technologies PTE Ltd,Pre-Seed,For Profit,contact@powercred.io,No
appEQ.AI,appEQ.ai is a contextual in-app overlay for enabling customer facing teams to have deep collaboration on SaaS apps,"Bangalore, Karnataka, India",01-Oct,No,Private,www.appeq.ai,"1,59,463","Artificial Intelligence,SaaS",Asia-Pacific (APAC),"Jul 1, 2022",Rajat Shukla,Active,No,AppEQ Inc,No,No,support@appeq.ai,No
Arcana Recovery,"Financials, People, Signals & News, About, Saas & Mobile App","Harrisburg, Pennsylvania, United States",01-Oct,Pre-Seed,Private,www.arcanarecovery.com,"1,25,320","Health Care,Machine Learning,mHealth,Military,Mobile Apps,Predictive Analytics,SaaS","Great Lakes, Northeastern US","Jul 8, 2022",Sharina Johnson,Active,No,"Arcana Recovery, Inc.",Pre-Seed,For Profit,sjohnson@arcanarecovery.com,717-882-8843
Tailwarden,Building the Future of DevOps,"Paris, Ile-de-France, France",01-Oct,No,Private,tailwarden.com,"1,85,588","Cloud Management,SaaS,Software",European Union (EU),"Mar 1, 2022","Cyril Allard,Mohamed Labouardy",Active,No,Tailwarden,No,For Profit,cyril@tailwarden.com,No
Signlz,An AI powered business analytics for SaaS.,"San Francisco, California, United States",01-Oct,No,Private,getsignlz.com/,"1,82,724","Analytics, Artificial Intelligence, Business Intelligence, Machine Learning, Natural Language Processing, SaaS, Software","San Francisco Bay Area, West Coast, Western US",Nov-22,No,Active,No,Signlz Inc.,No,For Profit,hey@getsignlz.com,No
Shopiroller,People Technology Signals & News Similar Companies About Shopiroller is a headless e-commerce platform that empowers businesses and individuals to deliver exceptional shopping experiences.,"San Francisco, California, United States",01-Oct,No,Private,www.shopiroller.com/,189550,"CMS,E-Commerce,E-Commerce Platforms,Mobile Apps,SaaS,Web Apps","San Francisco Bay Area, West Coast, Western US","Sep 12, 2022","Bekir Çelik,Erol Kabadayi",Active,"Shopiroller,Headless CMS,Ecommerce,Ecommerce Platforms, API First,Mobiroller,Payment Solution",Shopiroller Inc,No,For Profit,info@shopiroller.com,850-885-0832
Salesfinity,Salesfinity helps B2B sales teams generate 10x more pipeline without increasing headcount.,No,01-Oct,No,Private,salesfinity.co,186439,"B2B, SaaS, Sales, Sales Automation, Software",No,"May 20, 2022",Mavlonbek Muratov,Active,No,No,No,For Profit,mavlonbek@salesfinity.co,4157261977
House of Yards App,"Landscaping business management software for landscapers. Instant quote, online booking, scheduling, invoice, payment, & CRM all in one app.","Chandler, Arizona, United States",01-Oct,No,Private,App.HouseofYards.com,"1,78,228","CRM,Home Services,Information Technology,Landscaping,SaaS,Software","Greater Phoenix Area, Western US","Jul 1, 2022",Marie Chan,Active,HouseofYards App,No,No,For Profit,marie@houseofyards.com,+1 (818) 927-3458
Vrizzle,A secure and trusted ecosystem of workspace for businesses to thrive,"Bangalore, Karnataka, India",01-Oct,Non-equity Assistance,Private,www.vrizzle.in/,"2,01,731","B2B,Coworking,Information Technology,SaaS,Web Apps",Asia-Pacific (APAC),"Aug 15, 2022","Manish Kumar,Neelanchal Gogna",Active,No,No,Non-equity Assistance,For Profit,hey@vrizzle.in,+91 7717445532
BlogHunch,"The flexible No-Code blogging platform lets you build and manage your blog without worrying about servers, developers, branding, and SEO","Kolkata, West Bengal, India",01-Oct,No,Private,bloghunch.com,"1,91,617","SaaS, Software",Asia-Pacific (APAC),"Jul 26, 2022","Ritu Soni, Subham Mitra",Active,No,BlogHunch Software Private Limited,No,For Profit,hello@bloghunch.com,9.17812E+11
Hidden Smiles,"Hidden Smiles is a SaaS solution that helps individuals feel valued and appreciated for their work, regardless of where they do it.","Berlin, Berlin, Germany",01-Oct,Pre-Seed,Private,www.hidden-smiles.com,"1,91,602","Enterprise Software, Human Resources, SaaS, Software",European Union (EU),"Aug 2, 2022","Dariush Franczak, Sanjay Yadav",Active,No,No,Pre-Seed,For Profit,dariush@hidden-smiles.com,No
Cercling,"Communications software for the supply chain. SaaS, collaboration platform.","New York, New York, United States",01-Oct,No,Private,www.cercling.com,"2,01,718","Enterprise Software, Internet, SaaS, Software, Supply Chain Management","Greater New York Area, East Coast, Northeastern US","Jun 13, 2022",Gari Boateng,Active,Cercling,"Cercling, Inc.",No,For Profit,kojo@cercling.com,442-266-3561
ShiftApp,Speed up and simplify your employee schedule planning using ShiftApp's new online schedule software. A SaaS app with Web and Mobile Apps.,"Dallas, Texas, United States",01-Oct,No,Private,shiftapp.com/,"1,98,645","Hospitality,Human Resources, Retail, SaaS, Security, Software","Dallas/Fort Worth Metroplex, Southern US","Sep 22, 2022",Jason Lee,Active,No,No,No,For Profit,hello@shiftapp.com,No
Easybase,Easybase is a visual database that enables teams to quickly develop scalable serverless apps without the typical back-end barriers.,"Pittsburgh, Pennsylvania, United States",01-Oct,Pre-Seed,Private,easybase.io/,"1,90,446","Cloud Computing, Cloud Data Services, Information Technology, Internet, SaaS, Software","Great Lakes, Northeastern US","Apr 18, 2022","Denney Owen, Dilan Ozkaynak",Active,No,Easybase Inc.,Pre-Seed,For Profit,hello@easybase.io,412-945-0510
Yaara AI,"YaaraAI is an AI-powered tool that helps you write better and more engaging marketing content. Whether you need help with your next Facebook ad, landing page, or blog post headline, just ask Yaara! Our AI has been trained on some of the best performing copy out there and knows what to convert and how to craft content that your audience will love.",No,01-Oct,No,Private,www.yaara.ai/,"2,06,303","Advertising,Artificial Intelligence,Content Marketing,Information Technology,Marketing Automation,Productivity Tools,SaaS,Social Media, Software",No,Mar-22,"Abdul Moiz, Muhammad Jawad, Samad Farooq",Active,"YaaraAI, Yaara, Yaara.ai",Yaara Inc.,No,For Profit,hello@yaara.ai,No
Valhalla Cybernetics,People Technology Signals & News Similar Companies About Software Company building Saas Platforms,"Santa Fe, New Mexico, United States",01-Oct,No,Private,vlcybernetics.com,"2,16,331","Health Care, Information Technology, SaaS, Software, Transportation, Web Development",Western US,"Nov 12, 2022",Guillermo Fong,Active,No,Valhalla Cybernetics LLC,No,For Profit,gfong@vlcybernetics.com,50766559985
Spendly,A fintech/SaaS company for small and mid-sized business to save across all financial services,"Charlotte, North Carolina, United States",01-Oct,No,Private,getspendly.com,"2,03,369","Financial Services,FinTech, InsurTech,SaaS,Software","East Coast, Southern US","Mar 1, 2022","Shannon Caulk,Matthew Godley",Active,No,"Spendly, Inc.",No,For Profit,shannon@getspendly.com,No
AudiencePlus,"We are building software, content, and community to help every company become a media company.","Scottsdale, Arizona, United States",01-Oct,No,Private,www.audienceplus.com,"2,15,080","Content Marketing, Digital Media, Internet, SaaS, Software","Greater Phoenix Area, Western US","Mar 11, 2022",Anthony Kennada,Active,No,"AudiencePlus, Inc.",No,No,info@audienceplus.com,(855) 255-2382
Bugpilot,"Bug resolution, User Experience, B2B SaaS","Milano, Lombardia, Italy",01-Oct,Pre-Seed,Private,www.bugpilot.io/,"2,22,113","B2B,Information Technology,SaaS",European Union (EU),"May 2, 2022","Krste Rajchevski,Simone Lusenti",Active,No,Adopto Srl,No,No,simone@bugpilot.io,No
Engagespot,Single API to build your product's multi-channel notification engine,"Wilmington, Delaware, United States",01-Oct,No,Private,engagespot.co/,194234,"Developer Tools,Information Technology,SaaS","Greater Philadelphia Area, East Coast, Southern US","Jan 24, 2023","Anand Sukumaran Nair,Anandu S.,Shiv Shankar, Shiv Shankar M S",No,No,Engagespot Inc,No,For Profit,support@engagespot.co,No
Spoonbill,People Technology Signals & News Similar Companies About SaaS Data Observability,"Pune, Maharashtra, India",01-Oct,No,Private,spoonbill.ai,224126,"Big Data,Information Technology,Predictive Analytics,SaaS",Asia-Pacific (APAC),Apr-22,Suyog Choudhari,Active,No,Spoonbill Data Pvt Ltd,No,For Profit,contact@spoonbilldata.com,No
Razzle AI,Build natural language based internal apps in a few lines of code.,No,01-Oct,NO,Private,razzle.ai,"2,15,723","Artificial Intelligence,Developer Tools,SaaS,Software",No,"Dec 30, 2022",No,Active,No,ConsumerAI ÖÜ,No,For Profit,No,No
Legalese Decoder,Simplify Everyday Jargons & Legalese Instantly,"Vancouver, British Columbia, Canada",01-Oct,No,Private,legalesedecoder.com/,"1,98,534","Legal Tech, SaaS",No,Jan-23,William Tsui,Active,No,No,No,For Profit,hello@legalesedecoder.com,No
Kiana,"People Technology Signals & News Similar Companies About SaaS 1-10 Private www.kianaapp.com 226,919",No,01-Oct,No,Private,www.kianaapp.com,"2,26,919",Freelance SaaS,No,"Nov 7, 2022",Lukas Marquardt,Active,No,Kiana LLC,No,For Profit,No,No
Isla,"A scalable, reliable, and collaborative internal ticketing system to sustain explosive growth.","Paris, Ile-de-France, France",01-Oct,No,Private,getisla.com,"2,41,064","Collaboration,SaaS,Software,Ticketing",European Union (EU),"Dec 7, 2022","Antoine Aubert,Romeo Bellon",Active,No,ISLA SAS,No,For Profit,info@getisla.com,+1 (877) 544-3225
Solved,Solved is a platform for incident management & root-cause analysis between all actors in food supply chain,"Valencia, Comunidad Valenciana, Spain",01-Oct,No,Private,www.trysolved.com/,"2,34,651","Food and Beverage, Industrial Manufacturing, SaaS,Software",No,"Apr 1, 2022","Iñigo Robles Fernández,Karim Jerome Gaad,Pablo Perez",Active,No,No,No,For Profit,info@trysolved.com,No
X80 Security,X80 automatically identifies dangerous issues in the cloud and quantifies cyber risk in dollars.,"Singapore, Central Region, Singapore",01-Oct,NO,Private,www.x80security.com/,"2,43,941","Cloud Security,Cyber Security,Information Technology,SaaS,Security","Asia-Pacific (APAC), Association of Southeast Asian Nations (ASEAN), Southeast Asia","Mar 15, 2022","Edoardo Barp,Simon Janin",Active,No,X80 Pte. Ltd.,No,For Profit,s.janin@x80security.com,No
Ledgr,Ledgr is a cloud accounting and SaaS firm providing business services company.,"Underhill, Vermont, United States",01-Oct,NO,Private,www.getledgr.co/,"2,38,098","Consulting, FinTech, Professional Services, SaaS, Small and Medium Businesses, Software","New England, Northeastern US",Sep-22,Ian Bouchett,Active,"Get Ledgr, Ledgr Cloud, Ledgr Cloud Accounting, Ledgr Bookkeeping, Ledgr Books, Ledgr Accounting, Ledgr US",Ledgr Inc,No,For Profit,info@getledgr.co,877-425-2329
blueLINC,Scalable AI-powered sourcing & pre-screening for busy skilled trade recruiters,"Denver, Colorado, United States",01-Oct,NO,Private,www.getbluelinc.com,"2,50,402","Artificial Intelligence,Natural Language Processing,Recruiting,SaaS","Greater Denver Area, Western US","Jul 20, 2022",Barb Hansen,Active,"Get Ledgr, Ledgr Cloud, Ledgr Cloud Accounting, Ledgr Bookkeeping, Ledgr Books, Ledgr Accounting, Ledgr US",Ledgr Inc,No,For Profit,barb@getbluelinc.com,No
GenLoyal,"We help SMBs identify who their best customers are, reward them, sell more and repeat.",No,01-Oct,No,Private,www.genloyal.com,"2,45,456","Loyalty Programs, Marketing Automation,Restaurants,Retail Technology,SaaS",No,"Jan 2, 2023","Leandro Rzezak,Roman Avila",Active,No,No,No,For Profit,hello@genloyal.com,No
Trigr,"Trigr is a software solution that enables media businesses to efficiently manage projects, budgets & suppliers in one centralised platform.","Galway, Galway, Ireland",01-Oct,Pre-Seed,Private,www.trigr.online/,"2,63,100","Enterprise Software,Information Technology,SaaS,Software",European Union (EU),"Jun 7, 2022",Gavin Duffy,Active,No,No,Pre-Seed,For Profit,info@trigr.online,+353 (0)91 722 697
AR Code,AR Code offers a software-as-a-service (SaaS) platform that allows users to easily create and manage AR experiences.,No,01-Oct,NO,Private,ar-code.com,"2,73,679","Augmented Reality, Information Technology, SaaS","Asia-Pacific (APAC), Association of Southeast Asian Nations (ASEAN), Southeast Asia","Nov 16, 2022",No,Active,No,AR Code Pte. Ltd.,No,For Profit,contact@ar-code.com,No
Fieldmobi,B2B SaaS that enables multi-organization collaboration by digitizing organizations from the ground up through customizable field ops apps.,"Bangalore City, Karnataka, India",01-Oct,NO,Private,www.fieldmobi.com,"2,56,046","Apps,Information Technology,Mobile,SaaS,Software",Asia-Pacific (APAC),"Mar 28, 2022","Shambhabi Raha,Shiv Shankar Raha",Active,No,Fieldmobi Private Limited,No,For Profit,shambhabi@fieldmobi.com,9.1983E+11
Prop.ID,SaaS for property companies. First service: hybride home owners meetings,"Vienna, Wien, Austria",01-Oct,Seed,Private,www.prop.id/,"2,51,778","Real Estate,SaaS",European Union (EU),"Apr 1, 2022",Alexander Schuch,Active,No,prop.ID GmbH,Seed,For Profit,support@prop.id,No
Peliqan.io,"Peliqan is a disruptive SaaS solution for data collaboration in the modern data stack. Data engineers and data owners can now empower business users to work with data from databases, data warehouses and data lakes in a spreadsheet-like environment. Business users can combine data from multiple sources, clean the data, make edits in personal copies.","Gent, Oost-Vlaanderen, Belgium",01-Oct,NO,Private,peliqan.io,"2,84,921","Analytics, Big Data, Cloud Data Services, Data Integration, Information Technology, Internet, SaaS, Software",European Union (EU),"Mar 25, 2022",Niko Nelissen,Active,Peliqan,No,No,For Profit,hello@peliqan.io,+32 9 298 07 47
vatkey,"B2B SaaS fighting for Fiscal Fairness for SMEs, by helping you recover cross-border taxes and VAT.",No,01-Oct,NO,Private,vatkey.com,"2,67,231","Accounting,B2B,Business Travel, FinTech, SaaS,Software",No,"Apr 28, 2022","Jes Hansen,Jonathan Bredo",Active,No,VATKEY ApS,No,For Profit,No,No
Thread,Enterprise SaaS tool to help with Incident Management,"Dover, Delaware, United States",01-Oct,NO,Private,www.usethread.io,"2,45,191",SaaS,"East Coast, Southern US",2023,"Jes Hansen,Jonathan Bredo",Active,No,Thread Inc.,No,For Profit,founders@usethread.io,No
Mineo,SaaS Data ops Platform,"Madrid, Madrid, Spain",01-Oct,NO,Private,www.mineo.app,"2,72,789","Analytics, Business Intelligence, Data Visualization, SaaS, Software",European Union (EU),"Jan 18, 2023","Alberto Rodriguez de Lama, Diego García Morate, Fabiola Perez Ramos",Active,Mineo.app,No,No,For Profit,hello@mineo.app,No
Leapify,"Leapify helps businesses manage their leads, sales, appointments, and automate processes such as nurturing and closing. Leapify is built with all the smart tools businesses need help to do more and grow more, with less effort.",No,01-Oct,NO,Private,leapify.com/,"2,69,948","CRM,Marketing,SaaS",No,"Jan 1, 2023","Bilal Patoli,Zohaib Patoli",Active,No,No,No,For Profit,info@leapify.com,No
Trestle,Vertical SaaS for Construction Procurement,"New York, New York, United States",01-Oct,NO,Private,www.gotrestle.com,"2,95,073","Construction, SaaS","Greater New York Area, East Coast, Northeastern US",Oct-22,"Jason Chen, Victor Zhang",Active,No,No,No,For Profit,founders@gotrestle.com,No
Pelrio,Pelrio is a financial management tool for entrepreneurs that makes it easier and simpler to automate and control your business finances,"Brescia, Lombardia, Italy",01-Oct,NO,Private,www.pelrio.com/,"2,87,789",Financial Services FinTech SaaS Software,European Union (EU),"Apr 5, 2022",Sebastiano Valentini,Active,No,Pelrio SRL,No,For Profit,admin@pelrio.com,+39 324 813 6254
Circonomit,Circonomit offers a scalable SaaS solution that enables real-time data driven environmental based decision-making.,"Aachen, Nordrhein-Westfalen, Germany",01-Oct,NO,Private,www.circonomit.de/,"2,75,758","Energy Efficiency,Environmental Engineering,GreenTech, SaaS,Software,Sustainability",European Union (EU),Jun-22,"Dana Aleff, Erik Müller,Johanna Häupl",Active,No,Circonomit GmbH,No,For Profit,contact@circonomit.de,No
Hashtag Pay Me,"Hashtag Pay Me is the only place that allows creators to be their own agent from pitch to pay. Source, price, pitch and invoice in one spot.","Atlanta, Georgia, United States",01-Oct,NO,Private,hashtagpayme.com,"2,32,006","Content Creators,Digital Marketing,SaaS,Sales Automation","Greater Atlanta Area, East Coast, Southern US","Jun 1, 2022",Cynthia Ruff,Active,No,"Hashtag Pay Me, Inc.",No,For Profit,hey@hashtagpayme.com,No
Chift Logo,People Technology Signals & News Similar Companies About,"Brussels, Brussels Hoofdstedelijk Gewest, Belgium",01-Oct,NO,Private,www.chift.eu/,"3,03,032",Data Integration Information Technology PaaS SaaS Software,European Union (EU),Apr-22,No,Active,"Chift SRL, Chift One API",Chift SRL,No,For Profit,info@chift.eu,No
iflows,iflows is an innovative platform designed for SME which want to digitalise their business processes using intuitive workflows,"Bucharest, Bucuresti, Romania",01-Oct,NO,Private,iflows.com,"2,87,342","SaaS,Software",European Union (EU),"May 24, 2022","Andrei Stanciu,Ionut Sisu",Active,No,iFlows Technologies Srl,No,For Profit,contact@iflows.com,40371235770
Hashlays Inc,Human Capital Management Platform,No,01-Oct,NO,Private,www.hashlays.com,"2,52,238","Human Resources, Information Technology, Internet, SaaS, Software",No,"Oct 1, 2022",Dinesh Prabhakaran Kannan,Active,No,Hashlays Global Tech Private Limited,No,For Profit,info@hashlays.com,19294802707
Virality Data,"People, Signals & News, Similar Companies, About, SaaS",No,01-Oct,NO,Private,viralitydata.com,"2,72,098","SaaS, Social Media","San Francisco Bay Area, Silicon Valley, West Coast","Jan 24, 2023",Cristina Noujaim,Active,No,Virality Data Inc.,No,For Profit,info@viralitydata.com,No
Promize,"We help product owners, raise engagement, retention, and conversion rates through No-code Hyper-personalized messaging platform.","Abu Dhabi, Abu Dhabi, United Arab Emirates",01-Oct,NO,Private,www.promize.io,"3,11,947","B2B,Marketing Automation,SaaS",Gulf Cooperation Council (GCC),Jun-22,"Saif AL Essai,Suhaib Kotb",Active,"Promize.io,Pomize IO",No,No,For Profit,hello@promize.io,No
Shoptinga,"New to the world of E-commerce, ShopTinga helps AFRICANS EASY SHOPPING WITH MONEY AND CRYPTO.","Lagos, Lagos, Nigeria",01-Oct,NO,Private,shoptinga.online,"2,83,382","E-Commerce,SaaS,Software",No,"Nov 11, 2022",Olanrewaju Taiwo,Active,"shoptinga, SaaS",No,No,For Profit,shop@shoptinga.online,+234 9060620279
ETHIACK,Autonomous and symbiotic cybersecurity SaaS platform combining ethical hackers and AI,"Coimbra, Coimbra, Portugal",01-Oct,Pre-Seed,Private,ethiack.com,"2,87,955","Cyber Security,Information Technology,Penetration Testing,SaaS,Software",European Union (EU),2022,André Baptista,Active,No,No,Pre-Seed,For Profit,founders@ethiack.com,3.51916E+11
JAGIZMO,A peer-to-peer (one2one) rental platform and a marketplace for merchants to host products for rental.,"Mumbai, Maharashtra, India",01-Oct,No,Private,jagizmo.app,"3,22,046","B2B,B2C, Communities,E-Commerce Platforms,Home Health Care, Marketplace,Musical Instruments,Rental,SaaS,Sharing Economy",Asia-Pacific (APAC),"Sep 2, 2022","Krishna Sadhula,Mahesh Waghmare,Shiva Gongidi,Srinivas Akavaram,Vikas Khade",Active,one2onecompany,JAGIZMO,No,For Profit,contact@jagizmo.com,9769984876
Modish.no,"We are building SaaS platform to support B2B business,The platform uses data intiatives to increase ROI and build a digital footprint.","Oslo, Oslo, Norway",01-Oct,NO,Private,modish.no,"3,40,110","Digital Marketing,Loyalty Programs,SaaS,Software,Web Development","Nordic Countries, Scandinavia","Nov 1, 2022",Trond Viggo Larsen,Active,No,Modish AS,No,For Profit,larsen@modish.no,4790907777
Sellie,Sellie is an e-commerce platform that offers businesses a range of tools for creating and managing an online store.,"Lagos, Lagos, Nigeria",01-Oct,NO,Private,getsellie.com,"3,08,996","B2B, E-Commerce, SaaS",No,"Dec 10, 2022",Oyewale Philip,Active,No,Sellie Inc,No,For Profit,hello@getsellie.com,2.34912E+12
Carta Maps,"Carta Maps is driving change in the mapping industry. Enabling anyone to create, collaborate and share beautiful digital maps with ease. Our primary focus is on user experience and how we can simplify a very complex task of creating and sharing a digital map. The company was founded in 2022 by Franco Valdes.","Charlotte, North Carolina, United States",01-Oct,NO,Private,www.cartamaps.io,"3,26,132","Apps, Communities, Mapping Services, Navigation, SaaS, Software","East Coast, Southern US","Jun 1, 2022",Franco Valdes,Active,Carta,No,No,For Profit,franco@cartamaps.io,No
Ghostly Kitchen,Prescriptive analytics for foodservice,"San Francisco, California, United States",01-Oct,NO,Private,www.ghostly.kitchen,"3,40,995",Predictive Analytics SaaS,"San Francisco Bay Area, West Coast, Western US","May 27, 2022","Dave Brody, Mohamed Abdelmeguid",Active,No,No,No,For Profit,hello@ghostly.kitchen,No
OLY.AI,OLY.AI builds natural language bots for business making it 100x faster to get quick answers to financial questions about your business,"Los Angeles, California, United States",01-Oct,NO,Private,www.OLY.AI,"3,20,820","Analytics, Artificial Intelligence, SaaS","Greater Los Angeles Area, West Coast, Western US","Apr 29, 2022",Michael Galluppo,Closed,No,OLY.AI Inc.,No,For Profit,michael@oly.ai,646.926.6226
Desire Group International limited,"Saas, Business development, Techsales, Marketing, Technology, Services,","London, England, United Kingdom",01-Oct,No,Private,www.desiregroupinternational.co.uk/,"3,00,787","Business Development,Collaboration,Enterprise Software,Information Technology, Marketing, Marketing Automation,Professional Services,SaaS,Sales,Software",No,"Sep 8, 2022",No,Active,Desire Group International,Desire Group International Limited,No,For Profit,info@desiregroupinternational.co.uk,-2039499079
Cryptoxie,"Cryptoxie is a global FinTech startup providing blockchain solutions like Cloud SaaS, payment infra, and portfolio management services.",No,01-Oct,No,Private,www.cryptoxie.com,"3,44,605","Artificial Intelligence,Blockchain,Cryptocurrency,FinTech,Information Technology,SaaS,Software",No,"Jul 19, 2022","Jatinder Gulati,Sagar Gulati",Active,Cryptoxie FinTech,Cryptoxie FinTech Private Limited,No,For Profit,No,No
Mission Control,No-code AI Governance automation and AI Risk Insights platform,"Los Angeles, California, United States",01-Oct,NO,Private,www.takecontrol.ai,"3,32,818","Artificial Intelligence,SaaS,Software","Greater Los Angeles Area,West Coast,Western US",Apr-22,No,Active,No,The AI Responsibility Lab Public Benefit Corporation,No,For Profit,ramsay@airesponsibilitylab.com,No
Davetino.com,Online Invitation Application (SaaS),"London, England, United Kingdom",01-Oct,NO,Private,www.davetino.com,"2,90,688","Event Management,Events,SaaS,Service Industry,Wedding",No,"Aug 24, 2022",No,Active,No,Funny Company Limited,No,For Profit,mail@davetino.com,No
beplus.cloud,The Ultimate Build Ecosystem for All Things Cloud,"New York, New York, United States",01-Oct,NO,Private,beplus.cloud,"3,45,289","Cloud Infrastructure, Cloud Management,Developer Platform,Developer Tools,SaaS,Software","Greater New York Area, East Coast, Northeastern US","Jun 17, 2022",Igor Lamos,Active,No,beplus.cloud LLC,No,For Profit,igor@beplus.cloud,15865000117
Run The Ship,RUN democratises investing in startups like never before — transforming recurring revenue into web3-native assets on-chain for growth,"Singapore, Central Region, Singapore",01-Oct,NO,Private,www.runtheship.io/,306355,"Blockchain,Cryptocurrency,Financial Services,FinTech,Funding Platform,Payments,SaaS","Asia-Pacific (APAC), Association of Southeast Asian Nations (ASEAN), Southeast Asia","May 5, 2022",Graham Malone,Active,RUN,No,No,For Profit,No,No
Managirr,Software solution that empowers small landlords to optimize and grow their rental portfolios.,No,01-Oct,NO,Private,managirr.com/,"3,29,723","Property Management, Rental Property,SaaS,Software",No,"Jun 1, 2022",Graham Malone,Active,RUN,No,No,For Profit,scott@managirr.com,No
"Licensing, Inc",Building the world's first infringement detector.,No,01-Oct,NO,Private,licensing.com,"2,55,768","Artificial Intelligence,Business Intelligence,DRM,Enterprise Applications,Innovation Management,Intellectual Property,Legal Tech,Market Research,SaaS",No,Jan-23,Wayne Chang,Active,No,"Licensing, Inc",No,For Profit,contact@licensing.com,No
Cuprin,A SaaS that simplifies business management for freelancers and small business owners.,"San Francisco, California, United States",01-Oct,NO,Private,cuprin.net,"3,65,929","SaaS, Software","San Francisco Bay Area, West Coast, Western US","May 2, 2022",Deniz Birlik,Active,No,"Cuprin, Inc.",No,For Profit,hello@cuprin.net,415-430-9095
Volcaino,Erupting the full AI potential of your company's network.,"Ghent, Oost-Vlaanderen, Belgium",01-Oct,NO,Private,volcaino.com/,"3,47,854","Data Visualization, SaaS, Software",European Union (EU),"Sep 1, 2022",No,Active,No,Volcaino,No,For Profit,hello@volcaino.com,No
Lotaro,Lotaro is a SaaS based placement platform for exceptional talents and companies,No,01-Oct,NO,Private,www.lotaro.de/,"3,65,933",SaaS Software,No,"May 16, 2022",Julia Kupke,Active,No,Lotaro GmbH,No,For Profit,robin.rudolph@lotaro.de,No
Bollwerk,People Signals & News Similar Companies About Bollwerk is a SaaS financial and risk research platform and collaborative tool.,"Zürich, Zurich, Switzerland",01-Oct,NO,Private,bollwerk.io,"3,47,836",Analytics Artificial Intelligence Finance FinTech Information Technology Machine Learning Natural Language Processing SaaS,No,"Sep 1, 2022",Oisin Maher,Active,No,QuantX Analytics AG,No,For Profit,contact@bollwerk.io,412443770
Wisterias Care Management Software,Wisterias Care Management Software is a Digital Care Platform. Digitally transform your care setting with Wisterias CMS.,"Manchester, Manchester, United Kingdom",01-Oct,NO,Private,www.wisterias.co.uk,"3,45,342","Elder Care, Electronic Health Record (EHR), Health Care, Home Health Care, Information Technology, Medical, Nursing and Residential Care, SaaS, Software",No,"May 3, 2022",Tsitsi Mtasa,Active,Wisterias Care Software Ltd,Wisterias Care Software Ltd,No,For Profit,No,No
BestShifts,AI-powered Future of Work/HR/SaaS Mobile App Solution for B2B2C Marketplace for Staffing & Workforce Management of Licensed Professionals,"Cincinnati, Ohio, United States",01-Oct,NO,Private,www.BestShifts.com,"3,86,120","Human Resources, Recruiting,SaaS,Staffing Agency","Great Lakes, Midwestern US","Aug 29, 2022","Al Bagiro,Joe Moralez",Active,No,No,No,For Profit,app@bestshifts.com,No
GraalSystems,"Data & AI SaaS platform that allows data analysts, engineers and scientist to deliver faster, everywhere","Neuilly-sur-seine, Ile-de-France, France",01-Oct,NO,Private,graal.systems,"3,30,015","Artificial Intelligence, Big Data, Cloud Data Services, SaaS",European Union (EU),Oct-22,"Charles Armataffet, Vincent Devillers",Active,No,No,No,For Profit,contact@graal.systems,No
Animatr.AI,Animate Like It's 2022 | Advanced ML and NLP pipelines to compose context aware animation,"Toronto, Ontario, Canada",01-Oct,NO,Private,www.animatr.ai/,"3,69,340","Animation,SaaS,Software,Video",Great Lakes,Apr-22,"Brigitta Ivanyi-Bitter Phd,Bruno Bitter",Active,No,Animatr AI Video Platform Inc.,No,No,hello@animatr.ai,14167700148
ClicktoHub,"SaaS, Market Place, AI, Data Analytics","Abu Dhabi, Abu Dhabi, United Arab Emirates",01-Oct,NO,Private,clicktohub.com/,"4,14,055","Analytics,Artificial Intelligence,Business Development,Information Technology,SaaS,Software",Gulf Cooperation Council (GCC),"Mar 3, 2022",Mohammed Gouda,Active,No,Click to Hub Limited,No,For Profit,mgouda@clicktohub.com,9.7157E+11
ScrapeIN',Premium Easy-to-Use Proxy API-based scraping provider for affordable SMB prices with dedicated support team.,"London, England, United Kingdom",01-Oct,NO,Private,scrapein.app/,"3,96,938","Data Integration, Data Mining, Data Storage, Market Research, SaaS, Web Development",No,"Jul 1, 2022",Aleksandr Andriushkin,Active,No,SOAX Ltd,No,For Profit,support@scrapein.app,+44 744 142 7151
Aeroplicity,Aeroplicity is building the world's first blockchain-backed aerospace & defense platform made for small to medium-sized businesses.,No,01-Oct,NO,Private,aeroplicity.com,"3,61,566",Aerospace Government Military SaaS Software,No,"Jan 4, 2023","Jamey Rose, Jerome Miastkowski",Active,No,Aeroplicity Inc.,No,No,info@aeroplicity.com,+1 (213) 442-1712
Bunch,"We are a marketplace where real estate developments are funded through retail investors. Through technology, we match real estate developers with retail investors and crowdfund their projects. Retail investors can invest any amount starting at $50. Registration and purchases of shares are 100% digital. Real estate developers normally have to fund","Medellín, Antioquia, Colombia",01-Oct,NO,Private,www.bunch.fund/,"3,45,106","Construction,Crowdfunding,Online Portals,Real Estate,Real Estate Investment,SaaS",Latin America,Oct-22,"David Trujillo Charry, Santiago Moreno Giraldo",Active,Bunch.fund,Aeroplicity Inc.,No,For Profit,info@bunch.fund,5.73052E+11
Uncover Legal,AI-powered litigation case management software for lawyers,"Amsterdam, Noord-Holland, The Netherlands",01-Oct,NO,Private,www.uncoverlegal.com,"3,88,271","Customer Service,Document Management,Innovation Management,Legal,Legal Tech,SaaS",European Union (EU),"Apr 26, 2022","Caroline Zand-Korteweg,Ingrid Van de Pol-Mensing",Active,No,Uncover Legal B.V.,No,For Profit,info@uncoverlegal.com,No
IMRZ Labs,Making Emerging Technology Accessible,"Manchester, Manchester, United Kingdom",01-Oct,NO,Private,www.imrzlabs.com,"3,57,431","Apps,Augmented Reality, Blockchain, Computer Vision,Consulting,Cryptocurrency,Emerging Markets,SaaS,Software,Virtual Reality",No,"Apr 29, 2022","Ben Emma,Mike Anderson,Stephen Wilson",Active,IMRZ,IMRZ Labs Ltd,No,For Profit,info@imrzlabs.com,No
Trackr Software Solutions,Streamline productivity and accelerate your TrackVia experience with a range of native extensions and add-ons.,"Rutherford, New Jersey, United States",01-Oct,Non-equity Assistance,Private,trackrsoftware.com,413203,"Enterprise Software,SaaS, Software","Greater New York Area, East Coast,Northeastern US",May-22,Jacob Hartmann,Active,No,"Trackr Software Solutions, Inc.",No,For Profit,hello@trackrsoftware.com,866-828-7225
Skribled,Your patient coordinator SaaS,"Miami, Florida, United States",01-Oct,No,Private,www.skribled.com,"4,09,623","Health Care,Medical,SaaS,Software","Greater Miami Area, East Coast, Southern US","May 12, 2022",Sofiane Bennacer,Active,No,Skribled Inc,No,For Profit,,
Chargerdata Ltd,"People, Technology, Signals & News, Similar Companies, About, SaaS","Jyväskylä, Western Finland, Finland",01-Oct,No,Private,laturidata.fi,"4,14,000","Automotive, Electric Vehicle, Information Technology, SaaS, Software","European Union (EU), Nordic Countries, Scandinavia","Sep 21, 2022",Aleksi Kallio,Active,Laturidata Oy,Laturidata Oy,No,For Profit,info@laturidata.fi,3.58448E+11
Bond Health Systems,SaaS for patient management & communication,"Washington, District of Columbia, United States",01-Oct,No,Private,bond.dental,428010,"Electronic Health Record (EHR),Health Care,SaaS,Software","Washington DC Metro Area, Southern US",Mar-22,"Ryan Patel,Saman Mehryar",Active,No,No,No,For Profit,ryan@bond.dental,No
Pandvisor,"We enable companies to build their desired development team fast and easy by matching their needs with our network of vetted technical experts. We have a large network of software developers in Romania with focus on the most demanded skills including .NET, Java, Angular, React.js, Node.js, Vue.js and others. Our focus is to quickly assemble the","Brasov, Brasov, Romania",01-Oct,No,Private,pandvisor.com/,"4,02,905","Human Resources,Information Technology,SaaS,Software,Web Development",European Union (EU),"Sep 2, 2022","Adrian Draghici,Ciprian Ilies",Active,No,AC Pandvisor SRL,No,For Profit,office@pandvisor.com,742883150
Amadeo,AI & NLP-driven platform for company's data & documentation,No,01-Oct,No,Private,amadeo.tech,"4,40,099","Artificial Intelligence,Information Technology,Machine Learning,Natural Language Processing,SaaS,Software",No,"Mar 23, 2022",No,Active,amadeo.ai,No,No,For Profit,contact.us@amadeo.tech,No
thearkhives,"Legal Tech SaaS platform for drafting, managing, sharing and storing legal documents - powered by intelligent automation and AI","Espoo, Southern Finland, Finland",01-Oct,No,Private,www.thearkhives.com/,"4,04,051","Legal Tech,SaaS,Software","European Union (EU), Nordic Countries, Scandinavia","Jan 1, 2023","Laura Zhong, Samuli Pyy, Tuomas Vainio",Active,No,No,No,For Profit,contact@thearkhives.com,No
Huudle,Huudle is a digital decision-making tool that enables companies to decide and act collectively.,"Istanbul, Istanbul, Turkey",01-Oct,No,Private,huudle.io,"4,70,985","Productivity Tools, SaaS, Software",No,"Mar 1, 2022",Haluk Can Hür,Active,No,Huudle Inc.,No,For Profit,haluk.hur@huudle.io,9.05336E+11
Sharehouse,"Australian Flatmate Finder Platform Melbourne, Victoria, Australia 1-10 Private sharehouse.app 454,601","Melbourne, Victoria, Australia",01-Oct,No,Private,sharehouse.app,"4,54,601",Real Estate SaaS,"Asia-Pacific (APAC), Australasia","Mar 12, 2022",Haluk Can Hür,Active,No,No,No,For Profit,mail@sharehouse.app,No
HireTalent,"AI-powered hiring automation platform to manage all stages of your recruitment process, from workforce planning to interviews to onboarding.","Brampton, Ontario, Canada",01-Oct,No,Private,hiretalent.ai/,406502,"Enterprise Software,Human Resources,SaaS,Software",Great Lakes,"Apr 2, 2022",No,Active,No,HireTalent,No,For Profit,social@hiretalent.ai,+1 647-831-9406
Plait,Productivity SaaS for Health Practice Businesses,"Auckland, Auckland, New Zealand",01-Oct,No,Private,www.plaithealth.com,"4,70,253","Health Care,SaaS","Asia-Pacific (APAC), Australasia",Oct-22,"Frayne Cooke,Luis Castillo,Steve McArdle",Active,No,HireTalent,No,For Profit,hello@plaithealth.com,No
Saberlo,SaaS solution interconnects data-sources to optimize resources & supply chain management,"London, England, United Kingdom",01-Oct,No,Private,saberlo.io,"4,81,547","Enterprise Software, Knowledge Management,SaaS,Software,Supply Chain Management","Asia-Pacific (APAC), Australasia","Mar 31, 2022",Marko Wathen,Active,No,Saberlo Ltd,No,For Profit,marko.wathen@saberlo.io,3.58408E+11
Fintech One Inc,"Internet, SaaS, Fintech, banking","Dallas, Texas, United States",01-Oct,No,Private,fintechone.co/,"3,72,110","Banking,Commercial Lending,Consumer Lending,FinTech,Lending,SaaS","Dallas/Fort Worth Metroplex, Southern US","Jul 15, 2022",Marko Wathen,Active,FT1,Fintech One Inc,No,For Profit,info@fintechone.co,(469) 454-2666
XBLOCK,XBlock is a Human Experience Platform for Restaurants,"Seattle, Washington, United States",01-Oct,No,Private,xblock.ai,"3,24,519","Augmented Reality,Business Intelligence, Restaurants,SaaS,Software","Greater Seattle Area,West Coast,Western US","Apr 4, 2022","Cyrus Neek,Dena Neek",Active,x Block,X Block Inc.,No,For Profit,Info@xblock.ai,(469) 454-2666
Billdoo,Billdoo is a SaaS based POS Billing Software. Providing Omnichannel POS with totally free billing and affordable upgradable options.,"Singapore, Central Region, Singapore",01-Oct,No,Private,billdoo.com/,"4,92,946","Billing, Point of Sale, SaaS, Software","Asia-Pacific (APAC), Association of Southeast Asian Nations (ASEAN), Southeast Asia","Jun 24, 2022",Robin Moses,Active,x Block,Billdoo,No,For Profit,info@billdoo.com,6588614414
SchedulingKit,AI powered appointment scheduling SaaS platform.,No,01-Oct,No,Private,schedulingkit.com,"5,06,463","Apps,Artificial Intelligence,SaaS,Sales,Scheduling,Software",No,"Mar 3, 2022",Asad Ali,Active,No,No,No,For Profit,hello@schedulingkit.com,No
Timeclock.Kiwi,"A cloud time clock system that allows you to use any touch screen device to clock in and out. Tracks jobs, tasks and materials used.","Dunedin, Otago, New Zealand",01-Oct,No,Private,timeclock.kiwi/,"5,06,147","SaaS, Software","Asia-Pacific (APAC), Australasia",Oct-22,"Cameron Hill, Loic Joachim",Active,No,No,No,For Profit,contact@timeclock.kiwi,No
Demo Strike,"Software Development, Demo, SaaS","Thane, Maharashtra, India",01-Oct,No,Private,demostrike.tech/,"4,83,568","SaaS,Software",Asia-Pacific (APAC),"Feb 26, 2022",Rohit Singh,Active,No,FUSETECH SOLUTIONS PRIVATE LIMITED,No,For Profit,rohit@demostrike.tech,No
Novocuris,B2B SaaS startup in the healthcare domain,"Singapore, Central Region, Singapore",01-Oct,No,Private,www.novocuris.com,"5,22,932","B2B,Health Care,SaaS,Software","Asia-Pacific (APAC),Association of Southeast Asian Nations (ASEAN),Southeast Asia","Aug 1, 2022",No,Active,No,NOVOCURIS PTE. LTD.,No,For Profit,contact@novocuris.com,No
Dentli™,Dentli™ is a dental directory SaaS platform built and operated by Lumens Dental Corp.,"Toronto, Ontario, Canada",01-Oct,No,Private,dentli.ca,"4,93,002","Dental,SaaS,Software",Great Lakes,May-22,"Aidan Payne,Tomas Henkenhaf",Active,Lumens Dental Corp.,No,No,No,info@dentli.ca,No
Cecuring,We provide an Enterprise Suite to secure your Machine Identities at scale under one license.,"New Delhi, Delhi, India",01-Oct,No,Private,www.cecuring.com,"4,61,500","Cyber Security, SaaS, Security, Software",Asia-Pacific (APAC),Mar-22,Shivam Sharma,Active,No,Cecuring Labs Private Limited,No,For Profit,info@cecuring.com,No
LinkBeen,LinkBeen is a smart platform to track & monitor multi-channel campaign purchases & generate dynamic marketing reports.,"Berlin, Berlin, Germany",01-Oct,NO,Private,www.linkbeen.com,"4,71,334","Information Technology, SaaS, Software",European Union (EU),"Jun 1, 2022","Niloofar Hadizadeh, Niloofar Hadizadeh",Active,No,No,No,Non-profit,hi@linkbeen.com,No
basecode,"People, Technology, Signals & News, Similar Companies, About, Saas, Mobile, Development","Ferizaj, Vojvodina, Serbia",01-Oct,NO,Private,basecode.al,"5,40,188","Consulting, E-Commerce, Information Technology, SaaS, Software, Software Engineering, Web Design, Web Development",No,"Feb 28, 2022",Flakerim Ismani,Active,No,basecode LLC,No,For Profit,hello@basecode.al,No
Glossary,"Glossary is a free Slack bot that automatically expands acronyms, improving communication and saving time.","Gurgaon, Haryana, India",01-Oct,NO,Private,useglossary.com,"4,47,724","Information Technology,SaaS",Asia-Pacific (APAC),"Nov 5, 2022",Anshuman Bhardwaj,Active,Glossary—bot for Slack,No,No,For Profit,support@useglossary.com,No
Messageply,"Messageply is a unified SaaS communication platform that defines the future of work by helping MSME's engage, support and retain customers","Nairobi, Nairobi Area, Kenya",01-Oct,NO,Private,messageply.com,"5,29,126","CRM, Customer Service, Marketing, SaaS, Small and Medium Businesses, SMS, Software",Asia-Pacific (APAC),"Apr 1, 2022",Messageply Inc,Active,No,No,No,For Profit,hello@messageply.com,2.54745E+11
Teamso,A SaaS for digital companies to manage entire HR works. Digital HR Department for your business.,"Istanbul, Istanbul, Turkey",01-Oct,NO,Private,www.teamso.com,"4,43,242","Human Resources,Information Technology,SaaS",No,Apr-22,"Gökhan Çokkeçeci,Tuğrul Çavuş",Active,No,Teamso Teknoloji A.Ş.,No,For Profit,tugrul.cavus@teamso.com,No
TrustedCreds,SaaS for Trusted Credentials,"Bangalore, Karnataka, India",01-Oct,NO,Private,trustedcreds.com,"5,20,163","Blockchain, Identity Management, SaaS, Software",Asia-Pacific (APAC),"Sep 8, 2022","Gökhan Çokkeçeci,Tuğrul Çavuş",Active,TC,TrustedCreds,No,For Profit,hello@trustedcreds.com,No
Definio,Definio is a software platform (web and app) that offers all-in-one privacy & security solution for web2 users.,"Kaunas, Kauno Apskritis, Lithuania",01-Oct,NO,Private,definio.tech/,"4,96,582","B2B,B2C,Information Technology,SaaS,Software",European Union (EU),Apr-22,"Modestas Markevičius,Vytautas Labanauskas",Active,TC,Definio,No,For Profit,info@definio.tech,No
CROSSTECH DMCC,People Signals & News Similar Companies About SaaS,"Dubai, Dubai, United Arab Emirates",01-Oct,NO,Private,cross.technology/,"3,27,959","Cryptocurrency,SaaS,Software,Software Engineering",Gulf Cooperation Council (GCC),"Jun 2, 2022","Hironao Takahashi,Mitsuhisa Kakinuma,Taketo Nakanishi,Taketo Nakanishi,Tokuro Uhara,Yuma Tanimoto",Active,TC,CROSSTECH DMCC,No,For Profit,info@crosstech.llc,No
Paladin,Paladin's first Cloud-Prem technology assists SaaS vendors in seamlessly separating their control and data planes.,"Tel Aviv, Tel Aviv, Israel",01-Oct,NO,Private,www.thepalad.in,"4,69,793","Information Technology,SaaS,Software",No,2023,No,Active,No,No,No,No,No,No
Remixt,"Powerful analytics to prevent critical churn, legal, and reputation risks generated by the lack of Diversity, Equity & inclusion.","Paris, Ile-de-France, France",01-Oct,NO,Private,remixt.co/en,"5,95,663","Human Resources,SaaS,Software",European Union (EU),"May 1, 2022","Fabien-Pierre Nicolas,Maxime Ruszniewski",Active,No,Remixt SAS,No,For Profit,fabienpierre@remixt.co,No
ROBOTOP,ROBOTOP develops extended-reality SaaS applications to enable metaverse collaboration for industrial companies.,"Nuremberg, Bayern, Germany",01-Oct,NO,Private,www.robotop.de,"5,84,853","Industrial Automation,Information Technology,Management Consulting,SaaS,Software",European Union (EU),"May 5, 2022",Baris Erdonmez,Active,No,ROBOTOP GmbH,No,For Profit,No,No
QRoles,QRoles is a web-based SaaS solution that strengthens and automates the after-sales support power of companies.,"Ankara, Ankara, Turkey",01-Oct,NO,Private,www.qroles.com,"5,85,800","Facilities Support Services, Field Support, Information Technology, SaaS, Software, Technical Support",No,"Mar 9, 2022",No,Active,No,QRoles,No,For Profit,info@qroles.com,No
XaaS Pricing,"We help SaaS vendors of all sizes and types make better, faster pricing strategy decisions, powered by a 20,000+ vendor data platform.","Hampton, New Hampshire, United States",01-Oct,NO,Private,www.xaaspricing.com,"5,71,076","Information Services,SaaS,Software","Greater Boston Area, East Coast, New England","Mar 30, 2022",No,Active,No,XaaS Pricing,No,For Profit,bryan@xaaspricing.com,603-758-1859
Fhynix,Our vision is to improve the quality of life of parents with better productivity and personalized information discovery.,"San Francisco, California, United States",01-Oct,NO,Private,fhynix.com/,"3,14,293","Communities,Family,Information Technology,Machine Learning,Parenting,SaaS","San Francisco Bay Area, West Coast, Western US","Jan 1, 2023",Almitra Karnik,Active,No,Fhynix,No,For Profit,hello@fhynix.com,No
Moonflow,SaaS: Cobranzas en piloto automático,No,01-Oct,No,Private,www.moonflow.ai,"4,51,783","Debt Collections, SaaS, Software",No,"Apr 1, 2022","Facundo Turconi, John Rodriguez Mendoza",Active,Moonflow,Moonflow LLC,No,For Profit,hello@moonflow.ai,No
Trelliswork,SaaS app for managing hybrid team operations,"Seattle, Washington, United States",01-Oct,NO,Private,trelliswork.com,"5,15,843","Productivity Tools,SaaS,Virtual Workforce","Greater Seattle Area, West Coast, Western US","Mar 30, 2022",Michael Nash,Active,No,No,No,For Profit,mike@trelliswork.com,No
LogSail,A reactive metrics collection platform.,"Charlotte, North Carolina, United States",01-Oct,NO,Private,www.logsail.com,"5,91,692","SaaS,Software","East Coast, Southern US","Apr 11, 2022",Stephen Collins,Active,No,LOGSAIL LLC,No,For Profit,stephen.collins@logsail.com,7044371512
Imsaar,A SaaS platform providing IoT devices remote management capabilities.,"Sheridan, Wyoming, United States",01-Oct,NO,Private,imssar.com,"5,91,967","Information Technology,SaaS,Software",Western US,"Jun 1, 2022",Nauman Shakir,Closed,No,No,No,For Profit,hello@imsaar.com,+1 (307) 429 3745
NexUnicorn,People Signals & News Similar Companies About Insights on analytics using AI & community feedback.,No,01-Oct,NO,Private,nexunicorn.com/,"4,87,466","B2B,B2C,Information Technology,Internet,SaaS,Software",No,"Oct 15, 2022",Sebastian Galindo,Active,NexUnicorn,NexUnicorn Inc,No,No,seb@nexunicorn.com,6502388551
Babl,AI translation for podcasters to expand their audience while maintaining their original voice,"Toronto, Ontario, Canada",01-Oct,NO,Private,www.trybabl.ai/,"5,44,064","Artificial Intelligence,Podcast,SaaS,Software,Translation Service",Great Lakes,"Dec 2, 2022",No,Active,No,Babl,No,For Profit,No,No
Doodocs.kz,SaaS,"Astana, Astana, Kazakhstan",01-Oct,NO,Private,doodocs.kz/,"5,95,922",SaaS,No,"Aug 16, 2022",No,Active,No,Doodocs Ltd.,No,For Profit,info@doodocs.kz,No
xdFlo,Personalized Productivity Software,No,01-Oct,NO,Private,xdflo.com,"5,68,617","Artificial Intelligence,Information Technology,Productivity Tools,Project Management,SaaS,Software",No,"Nov 9, 2022","Robert Perez,Ryan Gonzales",Active,No,xdFlo LLC,No,For Profit,hello@xdflo.com,No
Waith,"A Central, cost-effective business solution that brings together CRM, HRM, Payroll, Performance Management, and Finance all in one place.",No,01-Oct,No,Private,waith.io/,"6,16,703","SaaS, Software",No,"Jun 16, 2022",Don K Asok,Active,No,Waith Pte Ltd,No,For Profit,support@waith.io,+65 98564293
Terrateam,"People, Signals & News, About Terraform GitOps with GitHub","Amsterdam, Noord-Holland, The Netherlands",01-Oct,NO,Private,terrateam.io,"5,69,399",SaaS,European Union (EU),"Feb 10, 2023",No,Active,No,Terrateam B.V.,No,For Profit,hello@terrateam.io,No
Write+,"Write+ is a, AI-powered SaaS platform that makes professional writing accessible and personalized for businesses.",no,01-Oct,No,Private,www.writeplus.co,"6,69,236","Marketing, SaaS",No,"Nov 18, 2022","Shailesh Jaiswal, Smridhi Seth",Active,No,YellowR AI Private Limited,No,For Profit,hello@writeplus.co,9205066063
MoveOn,Sports events AI management service that automates participant registration & much more.,"Almaty, Almaty City, Kazakhstan",01-Oct,NO,Private,moveon.kz/,"6,77,600","Mobile Apps,SaaS,Software,Sports,Web Development",No,Jun-22,Serik Jardem,Active,MoveOn LLP,MoveOn LLP,No,For Profit,kz.moveon@gmail.com,77778222284
Cedule App,"Providing your business an easy means to manage your services, customers, bookings with the option of handling payments and reporting as well. Cedule is an ever improving all in one booking system designed to make your day to day operations easier.","Thornhill, Ontario, Canada",01-Oct,No,Private,cedule.app,"6,94,738","SaaS,Scheduling,Software",Great Lakes,"Apr 4, 2022",Muhammed Jobe,Active,No,Cedule Inc,No,For Profit,support@cedule.app,+1 (432) 233-0045
teamspiel,"teamspiel delivers custom SaaS solutions, combining expertise with humor. Ideal for your next project.","Hamburg, Hamburg, Germany",01-Oct,NO,Private,www.signageful.com,"6,15,122","Advertising Platforms,Event Management,SaaS,Software",European Union (EU),"Apr 6, 2022",No,Active,No,teamspiel GmbH,No,For Profit,julian@teamspiel.io,No
Sitekick.ai,AI landing page builder,no,01-Oct,NO,Private,Sitekick.ai,"4,43,093","Artificial Intelligence,Publishing,SaaS,Software,Web Design",No,Aug-22,Victor Metelskiy,Active,No,No,No,For Profit,No,No
Aivinya.com,AI Saas Powered Marketing Services,"Jaipur, Rajasthan, India",01-Oct,No,Private,aivinya.com,"5,35,227","Artificial Intelligence,SaaS",Asia-Pacific (APAC),"May 2, 2022",Kunal Verma,Active,Aivinya,BlockBridge Private Limited,No,For Profit,kunal@aivinya.com,9.17014E+11
Uptin.vn,"Founded in June 2022, we are a proptech startup providing a software called Uptin.vn as a solution for 400k realtors in Vietnam in order to decrease the time they spend on listing properties on many channels, platforms likes Chotot, Mogi, Homedy, Facebook, Zalo... for just 1 click. Uptin is now having nearly 1500 users.","Ho Chi Minh City, NA - Vietnam, Vietnam",01-Oct,No,Private,uptin.vn/,"6,33,382","Android, Apps, B2C, iOS, Real Estate, SaaS, Software","Asia-Pacific (APAC), Association of Southeast Asian Nations (ASEAN), Southeast Asia","Jun 1, 2022",Minh Vu,Active,"Uptin, Ress",Ress Service Joint Stock Company,No,For Profit,minhtuwien@gmail.com,84933779557
SavetoBuy,SavetoBuy is a savings platform that helps individuals save towards a future purchase and enables merchants to collect payments via savings,"Lagos, Lagos, Nigeria",01-Oct,NO,Private,savetobuy.io/,"5,55,242","FinTech, SaaS",No,"Oct 10, 2022","Ekemena Emelereta, Olawale Adeniyi",Active,No,SavetoBuy Limited,No,For Profit,support@savetobuy.io,No
InfluHitch,B2B SaaS Platform for Social Media Influencers and Consumer Brands to connect and collaborate,"Bengaluru, Karnataka, India",01-Oct,NO,Private,www.InfluHitch.in,"6,52,380","B2B,SaaS",No,"Jul 1, 2022",Nirpeksh Nandan,Active,No,Influhitch Pvt. Ltd.,No,For Profit,nnandan@influhitch.in,9.188E+11
Ideoxan,Ideoxan is a SaaS edtech platform offering free and open source content for aspiring programmers at K-12 academic institutions.,"Orlando, Florida, United States",01-Oct,NO,Private,ideoxan.com,"5,86,692",EdTech Education Information Technology SaaS Software STEM Education,"East Coast, Southern US",2023,Conor Daly,Active,No,Ideoxan Corporation,No,For Profit,hello@ideoxan.com,9.188E+11
EnFission,SaaS,no,01-Oct,NO,Private,no,"6,14,766",SaaS,no,"Jan 31, 2023",no,Active,No,Envision Algorithms AB,No,For Profit,damian.dziadak@enfission.it,No
PriceOps,SaaS Pricing Optimization,"Hyderabad, Andhra Pradesh, India",01-Oct,NO,Private,www.priceops.net/,"7,91,867",SaaS,Asia-Pacific (APAC),"Jun 12, 2022","Nikhil Kotcharlakota,Sarada Srimayi Sreegiriraju",Active,No,Priceops Private Limited,No,For Profit,info@priceops.net,No
AcceptSignature.com,Digital PDF signature software,"Oslo, Oslo, Norway",01-Oct,NO,Private,acceptsignature.com/,"6,55,055","Digital Signage,E-Signature,Information Technology,SaaS,Software","Nordic Countries, Scandinavia","Aug 1, 2022",No,Active,No,NO,No,For Profit,hello@acceptsignature.com,No
RequestHeaders,SaaS,"New York, New York, United States",01-Oct,NO,Private,requestheaders.com/,"4,48,839","Information Technology, SaaS, Software, Web Development","Greater New York Area, East Coast, Northeastern US","Jan 1, 2023",No,Active,No,NO,No,For Profit,No,No
CPO Assist,Saas-based B2B workflow aggregation platform for EV Charging companies.,"Bangalore, Karnataka, India",01-Oct,NO,Private,www.cpoassist.com,"8,11,710","Automotive,SaaS",Asia-Pacific (APAC),"Oct 17, 2022",No,Active,Evolog Private Limited,Evolog Private Limited,No,For Profit,hello@cpoassist.com,7984683296
Blockifi,Our products allow anybody or any company to launch web3 projects with ease. We want to open up the world of web3 to all the creators out there that don’t know where to start or don’t trust the bad actors taking advantage of newcomers in this space. We are solving this problem that plagues this space currently.,no,01-Oct,NO,Private,launchifi.xyz,"8,16,732","Blockchain,Ethereum,SaaS,Software",No,"Nov 16, 2022","Hasan Al-Dhufari,Walker Flieller",Active,Launchifi,"Blockifi, Inc",No,For Profit,hello@blockifi.xyz,No
Chronly Inc.,AI-powered workforce management,"Wilmington, Delaware, United States",01-Oct,NO,Private,chronly.ai,"7,28,126",SaaS,"Greater Philadelphia Area, East Coast, Southern US","Feb 6, 2023",Mark Kovalenko,Active,No,No,No,For Profit,hello@chronly.ai,No
AllstarsBot,SaaS,No,01-Oct,NO,Private,allstarsbot.com,"7,38,816","SaaS,Software",No,"Jan 1, 2023",No,Active,No,No,No,For Profit,josef@allstarsbot.com,No
Impathful,People growth as a service,No,01-Oct,NO,Private,impathful.com,"8,98,220","Career Planning, Human Resources, SaaS",No,"Oct 1, 2022",Ismael Serratos,Active,No,Impathful Inc.,No,For Profit,ismael@impathful.com,No
AuthBlock,"AuthBlock brings seamless web3 user onboarding experience, no-code blockchain operations and on/off-chain data analytics to your apps.","Hong Kong, Hong Kong Island, Hong Kong",01-Oct,NO,Private,www.authblock.io,"9,88,133","Blockchain, Developer Tools, SaaS",Asia-Pacific (APAC),"Jul 28, 2022",no,Active,No,AuthBlock Company Limited,No,For Profit,connect@authblock.io,No
digitaLEAN4,"Ensures Total AI Manufacturing Excellence, by Improving Value addition & Reducing Leadtime","Rajshahi, Dhaka, Bangladesh",01-Oct,No,Private,www.digitalean4.com/,"9,72,727","Artificial Intelligence, Internet of Things, IT Management, Machine Learning, Manufacturing, SaaS, Software",Asia-Pacific (APAC),"Mar 1, 2022",no,Active,No,digitaLEAN4,No,For Profit,contact@digitaLEAN4.com,8.80172E+12
DraftextAI,ML-Powered Justice Intelligence platform,"New Delhi, Delhi, India",01-Oct,No,For Profit,drafttextai.com/,"9,63,162","Information Services, SaaS, Software",Asia-Pacific (APAC),"Aug 26, 2022",Som Gupta,Active,DraftextAI,NO,No,For Profit,som@drafttextai.com,No
FrontierZero,SaaS and on-prem ZeroTrust solutions for secure remote access for remote workforce,No,01-Oct,NO,Private,frontierzero.io,"7,16,348","Cloud Security, Cyber Security,Network Security,SaaS,Software",No,"May 15, 2022",No,Active,No,"FrontierZero Networks, Inc.",No,For Profit,hello@frontierzero.io,No
Hoverleap,Hoverleap (formerly United Kite) is a Kenyan startup geared towards creating smart and delightful solutions within the transport sector.,"Nairobi, Nairobi Area, Kenya",01-Oct,NO,Private,www.hoverleap.com,"10,16,872","Car Sharing, Ride Sharing, SaaS, Transportation",No,"May 27, 2022",No,Active,Hoverleap,Hoverleap,No,For Profit,hello@hoverleap.com,+254 741 174 610
Vuzers,Vuzers helps you engage with your customers through video,No,01-Oct,NO,Private,www.vuzers.com/,"10,68,814","Information Technology,Internet,SaaS,Software",No,"Jun 1, 2022",Sylvain Naessens,Active,No,Vuzers,No,For Profit,hello@vuzers.com,No
OutpostAI,"OutpostAI makes use of AI to help you to draft content such as Sales letters, video scripts, Facebook & Google Ads, automatically.",No,01-Oct,NO,Private,outpostai.com,"10,24,646","Advertising,Artificial Intelligence,Brand Marketing,Digital Marketing,SaaS,Software",No,"Mar 1, 2022",No,Active,OutpostAI,OutpostAI,No,For Profit,No,No
Crackkart,Securing Digital India By Empowering India,"Indore, Madhya Pradesh, India",01-Oct,NO,Private,crackkart.com,"8,28,308","E-Commerce, SaaS, Software, Subscription Service",Asia-Pacific (APAC),"Mar 17, 2022",No,Active,Crackkart,Crackkart Infotech Pvt. Ltd.,No,For Profit,contact@crackkart.com,9.17314E+11
Voltic,"People, Signals & News, Similar Companies, About, Smart Home Devices & Platform","Palma, Islas Baleares, Spain",01-Oct,NO,Private,voltic.es,"9,93,508","SaaS, Smart Building, Smart Cities, Smart Home",European Union (EU),May-22,"Aitor Roca, Borja Roca, Maurizio Debellis",Active,No,Voltic Technologies SL,No,For Profit,hola@voltic.es,No
One Card,Simplest loyalty program management for small businesses,No,01-Oct,NO,Private,www.1card.ai,"10,61,266","Local Business, Loyalty Programs, SaaS, Small and Medium Businesses",No,"Apr 7, 2022",No,Active,1card,Softasy Inc.,No,For Profit,support@1card.ai,No
SherlockAds,SherlockAds is a comprehensive advertising intelligence platform that helps advertisers spy/find successful ads to model across 9+ channels,No,01-Oct,NO,Private,sherlockads.com,"9,03,060","SaaS, Software",No,"Nov 2, 2022",Franklin Nwangene,Active,No,SherlockAds,No,For Profit,support@sherlockads.com,347-209-4147
untitled labs,SaaS,"Paris, Ile-de-France, France",01-Oct,NO,Private,untitled.rehab/,"6,33,204","Architecture, Artificial Intelligence, Blockchain, Graphic Design, Machine Learning, SaaS",European Union (EU),2023,Cedric Teissier,Active,Untitled,untitled labs,No,For Profit,hello@untitled.rehab,No
Edens,Freelance business automation,No,01-Oct,NO,Private,edensapp.com,"9,76,979","Freelance, SaaS, Small and Medium Businesses",No,"Jun 15, 2022",Sergey Kizim,Active,No,NO,No,For Profit,serg@edensapp.com,No
Kliklik,SaaS,No,01-Oct,NO,Private,www.kliklik.id,"7,56,503","Information Technology, Internet, SaaS, Software",No,"Jan 12, 2023",Marwin Tjong,Active,No,PT Berkat Terang Sesama,No,For Profit,info@kliklik.id,6.28779E+12
The Apply Group (TAG),"SaaS enabled marketplace products to secure a university, internship or employment using the power of your near peer community.","London, England, United Kingdom",01-Oct,No,Private,TheApplyGroup.com,"9,40,482","Education,Peer to Peer,SaaS",No,"Dec 1, 2022",Kal Makwana,Active,TAG,The Apply Group Ltd.,No,For Profit,signup@theapplygroup.com,No
Spark,SaaS,"Milan, Lombardia, Italy",01-Oct,NO,Private,tryspark.co,"11,78,984","Enterprise Software, Human Resources, SaaS, Software",European Union (EU),"Apr 28, 2022",Kal Makwana,Active,No,Spark,No,For Profit,info@tryspark.co,3.93463E+11
PipeClose Solutions Pvt. Ltd.,"We're building an AI based SaaS platform, a Sales Automation CRM & Proposal maker platform for sales teams.","Noida, Uttar Pradesh, India",01-Oct,No,Private,pipeclose.com/,"11,53,501","SaaS, Software",Asia-Pacific (APAC),"Sep 6, 2022",Shivdeep Singh,Active,No,PipeClose Solutions Pvt. Ltd.,No,For Profit,admin@pipeclose.com,+91 9953214026
QR Codery,"Saas, website, qr code generator",No,01-Oct,No,Private,qrcodery.com,"11,86,739","Mobile Advertising, SaaS",No,"Jan 17, 2023",No,Active,No,MIMOBI LTD,No,For Profit,info@qrcodery.com,No
Future Simulation Technologies,Farmer-facing agri-tech start-up. We want to empower small scale farmers using GIS precision farming tools.,No,01-Oct,No,Private,futuresims.co.ke,"12,54,781","Agriculture, AgTech, SaaS, Small and Medium Businesses",No,"May 3, 2022",No,Active,No,Future Simulation Technologies,No,For Profit,info@futuresims.co.ke,2.5474E+11
Prom Planner,"SaaS Tools to help Prom Committees to manage their Proms, and connect with Students and Vendors",No,01-Oct,No,Private,promplanner.app,"12,63,038","Fashion, SaaS, Software",No,"Sep 1, 2022",Jordan St Jacques,Active,Prom Planner from Digitera,Prom Planner,No,For Profit,info@promplanner.app,613-801-2900
Blockery,"Blockchain Integration as a Service, SaaS, Blockchain, Crypto",No,01-Oct,No,Private,www.blockery.io/,"13,37,280","Blockchain,Cryptocurrency,SaaS,Software",No,"Mar 13, 2022",Isaac Martin,Active,No,Blockery Inc.,No,For Profit,support@blockery.io,No
Chaqu.io,"Chaqu.io brings the power of machine learning to the restaurant industry. We are a SaaS-enabled platform that digitizes casual dining menus. Our goal is to free restaurants to do what they do best, which is to provide a great dining experience!","Toronto, Ontario, Canada",01-Oct,No,Private,www.chaqu.io,"10,04,435","B2B,Restaurants,SaaS,Software",Great Lakes,"Oct 7, 2022",Carlton Osinde,Active,No,CHAQU.INC,No,For Profit,carlton@chaqu.io,647-327-0712
Heallist,SaaS,"New York, New York, United States",01-Oct,NO,Private,heallist.com,"12,99,025","Health Care, SaaS","Greater New York Area, East Coast, Northeastern US","Mar 15, 2022",Yuli Ziv,Active,No,HealList Inc,No,For Profit,info@heallist.com,No
Sailwind,We help merchants navigate the challenges they face on marketplaces in South East Asia.,No,01-Oct,NO,Private,www.sailwind.io,"12,84,522","E-Commerce, SaaS",No,"Aug 1, 2022",No,Active,No,NO,No,For Profit,contact@sailwind.io,No
re:Folio™,"SaaS, Recruitment-Tech, Female-Founded",,01-Oct,NO,Private,www.refolio.io,"13,22,194","Human Resources, Recruiting, SaaS, Software",No,"Aug 12, 2022",No,Active,No,"reFolio Platform, Inc.",No,For Profit,bb@refolio.io,No
